{   
    "start_probability": [
        0.5, 0.5
    ],

    "transition_matrix": [[0.950, 0.50],
                          [0.020, 0.980]],

    "serial_correlations": {
        "component 1": [[0.3], 
                        [0.1]],
        "component 2": [[0.3], 
                        [0.1]],
        "component 3": [[0.5], 
                        [0.1]],
        "component 4": [[0.5], 
                        [0.1]]
    },

    "cross_sectional_correlations": {
        "regime 1": [0.3, 0.3, 0.8, 0.2, 0.2, 0.2],
        "regime 2": [0.1, 0.2, -0.8, 0.4, 0.1, 0.1]
    },

    "regime_switching_correlations": [
        0.1, 0.2, 0.1, 0.2
    ],

    "margin_parameters": {
        "component 1": [[0.0, 1.0, 4.0, 8.0], 
                        [4.0, 1.0, 4.0, 8.0]],
        "component 2": [[0.0, 1.0, 4.0, 8.0], 
                        [2.0, 1.0, 4.0, 8.0]],
        "component 3": [[1.0, 2.0, 4.0, 8.0], 
                        [1.0, 2.0, 4.0, 8.0]],
        "component 4": [[0.0, 2.0, 4.0, 8.0], 
                        [0.0, 2.0, 4.0, 8.0]]       
    },

    "size": 1000
}